user01,user@user.co.jp,ddos1234
user02,user@user.co.jp,ddos1234
user03,user@user.co.jp,ddos1234
user04,user@user.co.jp,ddos1234
user05,user@user.co.jp,ddos1234
user06,user@user.co.jp,ddos1234
user07,user@user.co.jp,ddos1234
user08,user@user.co.jp,ddos1234
user09,user@user.co.jp,ddos1234
user10,user@user.co.jp,ddos1234
user11,user@user.co.jp,ddos1234
user12,user@user.co.jp,ddos1234
user13,user@user.co.jp,ddos1234
user14,user@user.co.jp,ddos1234
user15,user@user.co.jp,ddos1234
user16,user@user.co.jp,ddos1234
user17,user@user.co.jp,ddos1234
user18,user@user.co.jp,ddos1234
user19,user@user.co.jp,ddos1234
user20,user@user.co.jp,ddos1234
user21,user@user.co.jp,ddos1234
user22,user@user.co.jp,ddos1234
user23,user@user.co.jp,ddos1234
user24,user@user.co.jp,ddos1234
user25,user@user.co.jp,ddos1234
user26,user@user.co.jp,ddos1234
user27,user@user.co.jp,ddos1234
user28,user@user.co.jp,ddos1234
user29,user@user.co.jp,ddos1234
user30,user@user.co.jp,ddos1234
user31,user@user.co.jp,ddos1234
user32,user@user.co.jp,ddos1234
user33,user@user.co.jp,ddos1234
user34,user@user.co.jp,ddos1234
user35,user@user.co.jp,ddos1234
user36,user@user.co.jp,ddos1234
user37,user@user.co.jp,ddos1234
user38,user@user.co.jp,ddos1234
user39,user@user.co.jp,ddos1234
user40,user@user.co.jp,ddos1234
user41,user@user.co.jp,ddos1234
user42,user@user.co.jp,ddos1234
user43,user@user.co.jp,ddos1234
user44,user@user.co.jp,ddos1234
user45,user@user.co.jp,ddos1234
user46,user@user.co.jp,ddos1234
user47,user@user.co.jp,ddos1234
user48,user@user.co.jp,ddos1234
user49,user@user.co.jp,ddos1234
user50,user@user.co.jp,ddos1234
user51,user@user.co.jp,ddos1234
user52,user@user.co.jp,ddos1234
user53,user@user.co.jp,ddos1234
user54,user@user.co.jp,ddos1234
user55,user@user.co.jp,ddos1234
user56,user@user.co.jp,ddos1234
user57,user@user.co.jp,ddos1234
user58,user@user.co.jp,ddos1234
user59,user@user.co.jp,ddos1234
user60,user@user.co.jp,ddos1234
user61,user@user.co.jp,ddos1234
user62,user@user.co.jp,ddos1234
user63,user@user.co.jp,ddos1234
user64,user@user.co.jp,ddos1234
user65,user@user.co.jp,ddos1234
user66,user@user.co.jp,ddos1234
user67,user@user.co.jp,ddos1234
user68,user@user.co.jp,ddos1234
user69,user@user.co.jp,ddos1234
user70,user@user.co.jp,ddos1234
user71,user@user.co.jp,ddos1234
user72,user@user.co.jp,ddos1234
user73,user@user.co.jp,ddos1234
user74,user@user.co.jp,ddos1234
user75,user@user.co.jp,ddos1234
user76,user@user.co.jp,ddos1234
user77,user@user.co.jp,ddos1234
user78,user@user.co.jp,ddos1234
user79,user@user.co.jp,ddos1234
user80,user@user.co.jp,ddos1234
user81,user@user.co.jp,ddos1234
user82,user@user.co.jp,ddos1234
user83,user@user.co.jp,ddos1234
user84,user@user.co.jp,ddos1234
user85,user@user.co.jp,ddos1234
user86,user@user.co.jp,ddos1234
user87,user@user.co.jp,ddos1234
user88,user@user.co.jp,ddos1234
user89,user@user.co.jp,ddos1234
user90,user@user.co.jp,ddos1234
user91,user@user.co.jp,ddos1234
user92,user@user.co.jp,ddos1234
user93,user@user.co.jp,ddos1234
user94,user@user.co.jp,ddos1234
user95,user@user.co.jp,ddos1234
user96,user@user.co.jp,ddos1234
user97,user@user.co.jp,ddos1234
user98,user@user.co.jp,ddos1234
user99,user@user.co.jp,ddos1234
user100,user@user.co.jp,ddos1234
user101,user@user.co.jp,ddos1234
user102,user@user.co.jp,ddos1234
user103,user@user.co.jp,ddos1234
user104,user@user.co.jp,ddos1234
user105,user@user.co.jp,ddos1234
user106,user@user.co.jp,ddos1234
user107,user@user.co.jp,ddos1234
user108,user@user.co.jp,ddos1234
user109,user@user.co.jp,ddos1234
user110,user@user.co.jp,ddos1234
user111,user@user.co.jp,ddos1234
user112,user@user.co.jp,ddos1234
user113,user@user.co.jp,ddos1234
user114,user@user.co.jp,ddos1234
user115,user@user.co.jp,ddos1234
user116,user@user.co.jp,ddos1234
user117,user@user.co.jp,ddos1234
user118,user@user.co.jp,ddos1234
user119,user@user.co.jp,ddos1234
user120,user@user.co.jp,ddos1234
user121,user@user.co.jp,ddos1234
user122,user@user.co.jp,ddos1234
user123,user@user.co.jp,ddos1234
user124,user@user.co.jp,ddos1234
user125,user@user.co.jp,ddos1234
user126,user@user.co.jp,ddos1234
user127,user@user.co.jp,ddos1234
user128,user@user.co.jp,ddos1234
user129,user@user.co.jp,ddos1234
user130,user@user.co.jp,ddos1234
user131,user@user.co.jp,ddos1234
user132,user@user.co.jp,ddos1234
user133,user@user.co.jp,ddos1234
user134,user@user.co.jp,ddos1234
user135,user@user.co.jp,ddos1234
user136,user@user.co.jp,ddos1234
user137,user@user.co.jp,ddos1234
user138,user@user.co.jp,ddos1234
user139,user@user.co.jp,ddos1234
user140,user@user.co.jp,ddos1234
user141,user@user.co.jp,ddos1234
user142,user@user.co.jp,ddos1234
user143,user@user.co.jp,ddos1234
user144,user@user.co.jp,ddos1234
user145,user@user.co.jp,ddos1234
user146,user@user.co.jp,ddos1234
user147,user@user.co.jp,ddos1234
user148,user@user.co.jp,ddos1234
user149,user@user.co.jp,ddos1234
user150,user@user.co.jp,ddos1234
user151,user@user.co.jp,ddos1234
user152,user@user.co.jp,ddos1234
user153,user@user.co.jp,ddos1234
user154,user@user.co.jp,ddos1234
user155,user@user.co.jp,ddos1234
user156,user@user.co.jp,ddos1234
user157,user@user.co.jp,ddos1234
user158,user@user.co.jp,ddos1234
user159,user@user.co.jp,ddos1234
user160,user@user.co.jp,ddos1234
user161,user@user.co.jp,ddos1234
user162,user@user.co.jp,ddos1234
user163,user@user.co.jp,ddos1234
user164,user@user.co.jp,ddos1234
user165,user@user.co.jp,ddos1234
user166,user@user.co.jp,ddos1234
user167,user@user.co.jp,ddos1234
user168,user@user.co.jp,ddos1234
user169,user@user.co.jp,ddos1234
user170,user@user.co.jp,ddos1234
user171,user@user.co.jp,ddos1234
user172,user@user.co.jp,ddos1234
user173,user@user.co.jp,ddos1234
user174,user@user.co.jp,ddos1234
user175,user@user.co.jp,ddos1234
user176,user@user.co.jp,ddos1234
user177,user@user.co.jp,ddos1234
user178,user@user.co.jp,ddos1234
user179,user@user.co.jp,ddos1234
user180,user@user.co.jp,ddos1234
user181,user@user.co.jp,ddos1234
user182,user@user.co.jp,ddos1234
user183,user@user.co.jp,ddos1234
user184,user@user.co.jp,ddos1234
user185,user@user.co.jp,ddos1234
user186,user@user.co.jp,ddos1234
user187,user@user.co.jp,ddos1234
user188,user@user.co.jp,ddos1234
user189,user@user.co.jp,ddos1234
user190,user@user.co.jp,ddos1234
user191,user@user.co.jp,ddos1234
user192,user@user.co.jp,ddos1234
user193,user@user.co.jp,ddos1234
user194,user@user.co.jp,ddos1234
user195,user@user.co.jp,ddos1234
user196,user@user.co.jp,ddos1234
user197,user@user.co.jp,ddos1234
user198,user@user.co.jp,ddos1234
user199,user@user.co.jp,ddos1234
user200,user@user.co.jp,ddos1234
user201,user@user.co.jp,ddos1234
user202,user@user.co.jp,ddos1234
user203,user@user.co.jp,ddos1234
user204,user@user.co.jp,ddos1234
user205,user@user.co.jp,ddos1234
user206,user@user.co.jp,ddos1234
user207,user@user.co.jp,ddos1234
user208,user@user.co.jp,ddos1234
user209,user@user.co.jp,ddos1234
user210,user@user.co.jp,ddos1234
user211,user@user.co.jp,ddos1234
user212,user@user.co.jp,ddos1234
user213,user@user.co.jp,ddos1234
user214,user@user.co.jp,ddos1234
user215,user@user.co.jp,ddos1234
user216,user@user.co.jp,ddos1234
user217,user@user.co.jp,ddos1234
user218,user@user.co.jp,ddos1234
user219,user@user.co.jp,ddos1234
user220,user@user.co.jp,ddos1234
user221,user@user.co.jp,ddos1234
user222,user@user.co.jp,ddos1234
user223,user@user.co.jp,ddos1234
user224,user@user.co.jp,ddos1234
user225,user@user.co.jp,ddos1234
user226,user@user.co.jp,ddos1234
user227,user@user.co.jp,ddos1234
user228,user@user.co.jp,ddos1234
user229,user@user.co.jp,ddos1234
user230,user@user.co.jp,ddos1234
user231,user@user.co.jp,ddos1234
user232,user@user.co.jp,ddos1234
user233,user@user.co.jp,ddos1234
user234,user@user.co.jp,ddos1234
user235,user@user.co.jp,ddos1234
user236,user@user.co.jp,ddos1234
user237,user@user.co.jp,ddos1234
user238,user@user.co.jp,ddos1234
user239,user@user.co.jp,ddos1234
user240,user@user.co.jp,ddos1234
user241,user@user.co.jp,ddos1234
user242,user@user.co.jp,ddos1234
user243,user@user.co.jp,ddos1234
user244,user@user.co.jp,ddos1234
user245,user@user.co.jp,ddos1234
user246,user@user.co.jp,ddos1234
user247,user@user.co.jp,ddos1234
user248,user@user.co.jp,ddos1234
user249,user@user.co.jp,ddos1234
user250,user@user.co.jp,ddos1234
user251,user@user.co.jp,ddos1234
user252,user@user.co.jp,ddos1234
user253,user@user.co.jp,ddos1234
user254,user@user.co.jp,ddos1234
user255,user@user.co.jp,ddos1234
user256,user@user.co.jp,ddos1234
user257,user@user.co.jp,ddos1234
user258,user@user.co.jp,ddos1234
user259,user@user.co.jp,ddos1234
user260,user@user.co.jp,ddos1234
user261,user@user.co.jp,ddos1234
user262,user@user.co.jp,ddos1234
user263,user@user.co.jp,ddos1234
user264,user@user.co.jp,ddos1234
user265,user@user.co.jp,ddos1234
user266,user@user.co.jp,ddos1234
user267,user@user.co.jp,ddos1234
user268,user@user.co.jp,ddos1234
user269,user@user.co.jp,ddos1234
user270,user@user.co.jp,ddos1234
user271,user@user.co.jp,ddos1234
user272,user@user.co.jp,ddos1234
user273,user@user.co.jp,ddos1234
user274,user@user.co.jp,ddos1234
user275,user@user.co.jp,ddos1234
user276,user@user.co.jp,ddos1234
user277,user@user.co.jp,ddos1234
user278,user@user.co.jp,ddos1234
user279,user@user.co.jp,ddos1234
user280,user@user.co.jp,ddos1234
user281,user@user.co.jp,ddos1234
user282,user@user.co.jp,ddos1234
user283,user@user.co.jp,ddos1234
user284,user@user.co.jp,ddos1234
user285,user@user.co.jp,ddos1234
user286,user@user.co.jp,ddos1234
user287,user@user.co.jp,ddos1234
user288,user@user.co.jp,ddos1234
user289,user@user.co.jp,ddos1234
user290,user@user.co.jp,ddos1234
user291,user@user.co.jp,ddos1234
user292,user@user.co.jp,ddos1234
user293,user@user.co.jp,ddos1234
user294,user@user.co.jp,ddos1234
user295,user@user.co.jp,ddos1234
user296,user@user.co.jp,ddos1234
user297,user@user.co.jp,ddos1234
user298,user@user.co.jp,ddos1234
user299,user@user.co.jp,ddos1234
user300,user@user.co.jp,ddos1234
user301,user@user.co.jp,ddos1234
user302,user@user.co.jp,ddos1234
user303,user@user.co.jp,ddos1234
user304,user@user.co.jp,ddos1234
user305,user@user.co.jp,ddos1234
user306,user@user.co.jp,ddos1234
user307,user@user.co.jp,ddos1234
user308,user@user.co.jp,ddos1234
user309,user@user.co.jp,ddos1234
user310,user@user.co.jp,ddos1234
user311,user@user.co.jp,ddos1234
user312,user@user.co.jp,ddos1234
user313,user@user.co.jp,ddos1234
user314,user@user.co.jp,ddos1234
user315,user@user.co.jp,ddos1234
user316,user@user.co.jp,ddos1234
user317,user@user.co.jp,ddos1234
user318,user@user.co.jp,ddos1234
user319,user@user.co.jp,ddos1234
user320,user@user.co.jp,ddos1234
user321,user@user.co.jp,ddos1234
user322,user@user.co.jp,ddos1234
user323,user@user.co.jp,ddos1234
user324,user@user.co.jp,ddos1234
user325,user@user.co.jp,ddos1234
user326,user@user.co.jp,ddos1234
user327,user@user.co.jp,ddos1234
user328,user@user.co.jp,ddos1234
user329,user@user.co.jp,ddos1234
user330,user@user.co.jp,ddos1234
user331,user@user.co.jp,ddos1234
user332,user@user.co.jp,ddos1234
user333,user@user.co.jp,ddos1234
user334,user@user.co.jp,ddos1234
user335,user@user.co.jp,ddos1234
user336,user@user.co.jp,ddos1234
user337,user@user.co.jp,ddos1234
user338,user@user.co.jp,ddos1234
user339,user@user.co.jp,ddos1234
user340,user@user.co.jp,ddos1234
user341,user@user.co.jp,ddos1234
user342,user@user.co.jp,ddos1234
user343,user@user.co.jp,ddos1234
user344,user@user.co.jp,ddos1234
user345,user@user.co.jp,ddos1234
user346,user@user.co.jp,ddos1234
user347,user@user.co.jp,ddos1234
user348,user@user.co.jp,ddos1234
user349,user@user.co.jp,ddos1234
user350,user@user.co.jp,ddos1234
user351,user@user.co.jp,ddos1234
user352,user@user.co.jp,ddos1234
user353,user@user.co.jp,ddos1234
user354,user@user.co.jp,ddos1234
user355,user@user.co.jp,ddos1234
user356,user@user.co.jp,ddos1234
user357,user@user.co.jp,ddos1234
user358,user@user.co.jp,ddos1234
user359,user@user.co.jp,ddos1234
user360,user@user.co.jp,ddos1234
user361,user@user.co.jp,ddos1234
user362,user@user.co.jp,ddos1234
user363,user@user.co.jp,ddos1234
user364,user@user.co.jp,ddos1234
user365,user@user.co.jp,ddos1234
user366,user@user.co.jp,ddos1234
user367,user@user.co.jp,ddos1234
user368,user@user.co.jp,ddos1234
user369,user@user.co.jp,ddos1234
user370,user@user.co.jp,ddos1234
user371,user@user.co.jp,ddos1234
user372,user@user.co.jp,ddos1234
user373,user@user.co.jp,ddos1234
user374,user@user.co.jp,ddos1234
user375,user@user.co.jp,ddos1234
user376,user@user.co.jp,ddos1234
user377,user@user.co.jp,ddos1234
user378,user@user.co.jp,ddos1234
user379,user@user.co.jp,ddos1234
user380,user@user.co.jp,ddos1234
user381,user@user.co.jp,ddos1234
user382,user@user.co.jp,ddos1234
user383,user@user.co.jp,ddos1234
user384,user@user.co.jp,ddos1234
user385,user@user.co.jp,ddos1234
user386,user@user.co.jp,ddos1234
user387,user@user.co.jp,ddos1234
user388,user@user.co.jp,ddos1234
user389,user@user.co.jp,ddos1234
user390,user@user.co.jp,ddos1234
user391,user@user.co.jp,ddos1234
user392,user@user.co.jp,ddos1234
user393,user@user.co.jp,ddos1234
user394,user@user.co.jp,ddos1234
user395,user@user.co.jp,ddos1234
user396,user@user.co.jp,ddos1234
user397,user@user.co.jp,ddos1234
user398,user@user.co.jp,ddos1234
user399,user@user.co.jp,ddos1234
user400,user@user.co.jp,ddos1234
user401,user@user.co.jp,ddos1234
user402,user@user.co.jp,ddos1234
user403,user@user.co.jp,ddos1234
user404,user@user.co.jp,ddos1234
user405,user@user.co.jp,ddos1234
user406,user@user.co.jp,ddos1234
user407,user@user.co.jp,ddos1234
user408,user@user.co.jp,ddos1234
user409,user@user.co.jp,ddos1234
user410,user@user.co.jp,ddos1234
user411,user@user.co.jp,ddos1234
user412,user@user.co.jp,ddos1234
user413,user@user.co.jp,ddos1234
user414,user@user.co.jp,ddos1234
user415,user@user.co.jp,ddos1234
user416,user@user.co.jp,ddos1234
user417,user@user.co.jp,ddos1234
user418,user@user.co.jp,ddos1234
user419,user@user.co.jp,ddos1234
user420,user@user.co.jp,ddos1234
user421,user@user.co.jp,ddos1234
user422,user@user.co.jp,ddos1234
user423,user@user.co.jp,ddos1234
user424,user@user.co.jp,ddos1234
user425,user@user.co.jp,ddos1234
user426,user@user.co.jp,ddos1234
user427,user@user.co.jp,ddos1234
user428,user@user.co.jp,ddos1234
user429,user@user.co.jp,ddos1234
user430,user@user.co.jp,ddos1234
user431,user@user.co.jp,ddos1234
user432,user@user.co.jp,ddos1234
user433,user@user.co.jp,ddos1234
user434,user@user.co.jp,ddos1234
user435,user@user.co.jp,ddos1234
user436,user@user.co.jp,ddos1234
user437,user@user.co.jp,ddos1234
user438,user@user.co.jp,ddos1234
user439,user@user.co.jp,ddos1234
user440,user@user.co.jp,ddos1234
user441,user@user.co.jp,ddos1234
user442,user@user.co.jp,ddos1234
user443,user@user.co.jp,ddos1234
user444,user@user.co.jp,ddos1234
user445,user@user.co.jp,ddos1234
user446,user@user.co.jp,ddos1234
user447,user@user.co.jp,ddos1234
user448,user@user.co.jp,ddos1234
user449,user@user.co.jp,ddos1234
user450,user@user.co.jp,ddos1234
user451,user@user.co.jp,ddos1234
user452,user@user.co.jp,ddos1234
user453,user@user.co.jp,ddos1234
user454,user@user.co.jp,ddos1234
user455,user@user.co.jp,ddos1234
user456,user@user.co.jp,ddos1234
user457,user@user.co.jp,ddos1234
user458,user@user.co.jp,ddos1234
user459,user@user.co.jp,ddos1234
user460,user@user.co.jp,ddos1234
user461,user@user.co.jp,ddos1234
user462,user@user.co.jp,ddos1234
user463,user@user.co.jp,ddos1234
user464,user@user.co.jp,ddos1234
user465,user@user.co.jp,ddos1234
user466,user@user.co.jp,ddos1234
user467,user@user.co.jp,ddos1234
user468,user@user.co.jp,ddos1234
user469,user@user.co.jp,ddos1234
user470,user@user.co.jp,ddos1234
user471,user@user.co.jp,ddos1234
user472,user@user.co.jp,ddos1234
user473,user@user.co.jp,ddos1234
user474,user@user.co.jp,ddos1234
user475,user@user.co.jp,ddos1234
user476,user@user.co.jp,ddos1234
user477,user@user.co.jp,ddos1234
user478,user@user.co.jp,ddos1234
user479,user@user.co.jp,ddos1234
user480,user@user.co.jp,ddos1234
user481,user@user.co.jp,ddos1234
user482,user@user.co.jp,ddos1234
user483,user@user.co.jp,ddos1234
user484,user@user.co.jp,ddos1234
user485,user@user.co.jp,ddos1234
user486,user@user.co.jp,ddos1234
user487,user@user.co.jp,ddos1234
user488,user@user.co.jp,ddos1234
user489,user@user.co.jp,ddos1234
user490,user@user.co.jp,ddos1234
user491,user@user.co.jp,ddos1234
user492,user@user.co.jp,ddos1234
user493,user@user.co.jp,ddos1234
user494,user@user.co.jp,ddos1234
user495,user@user.co.jp,ddos1234
user496,user@user.co.jp,ddos1234
user497,user@user.co.jp,ddos1234
user498,user@user.co.jp,ddos1234
user499,user@user.co.jp,ddos1234
user500,user@user.co.jp,ddos1234
user501,user@user.co.jp,ddos1234
user502,user@user.co.jp,ddos1234
user503,user@user.co.jp,ddos1234
user504,user@user.co.jp,ddos1234
user505,user@user.co.jp,ddos1234
user506,user@user.co.jp,ddos1234
user507,user@user.co.jp,ddos1234
user508,user@user.co.jp,ddos1234
user509,user@user.co.jp,ddos1234
user510,user@user.co.jp,ddos1234
user511,user@user.co.jp,ddos1234
user512,user@user.co.jp,ddos1234
user513,user@user.co.jp,ddos1234
user514,user@user.co.jp,ddos1234
user515,user@user.co.jp,ddos1234
user516,user@user.co.jp,ddos1234
user517,user@user.co.jp,ddos1234
user518,user@user.co.jp,ddos1234
user519,user@user.co.jp,ddos1234
user520,user@user.co.jp,ddos1234
user521,user@user.co.jp,ddos1234
user522,user@user.co.jp,ddos1234
user523,user@user.co.jp,ddos1234
user524,user@user.co.jp,ddos1234
user525,user@user.co.jp,ddos1234
user526,user@user.co.jp,ddos1234
user527,user@user.co.jp,ddos1234
user528,user@user.co.jp,ddos1234
user529,user@user.co.jp,ddos1234
user530,user@user.co.jp,ddos1234
user531,user@user.co.jp,ddos1234
user532,user@user.co.jp,ddos1234
user533,user@user.co.jp,ddos1234
user534,user@user.co.jp,ddos1234
user535,user@user.co.jp,ddos1234
user536,user@user.co.jp,ddos1234
user537,user@user.co.jp,ddos1234
user538,user@user.co.jp,ddos1234
user539,user@user.co.jp,ddos1234
user540,user@user.co.jp,ddos1234
user541,user@user.co.jp,ddos1234
user542,user@user.co.jp,ddos1234
user543,user@user.co.jp,ddos1234
user544,user@user.co.jp,ddos1234
user545,user@user.co.jp,ddos1234
user546,user@user.co.jp,ddos1234
user547,user@user.co.jp,ddos1234
user548,user@user.co.jp,ddos1234
user549,user@user.co.jp,ddos1234
user550,user@user.co.jp,ddos1234
user551,user@user.co.jp,ddos1234
user552,user@user.co.jp,ddos1234
user553,user@user.co.jp,ddos1234
user554,user@user.co.jp,ddos1234
user555,user@user.co.jp,ddos1234
user556,user@user.co.jp,ddos1234
user557,user@user.co.jp,ddos1234
user558,user@user.co.jp,ddos1234
user559,user@user.co.jp,ddos1234
user560,user@user.co.jp,ddos1234
user561,user@user.co.jp,ddos1234
user562,user@user.co.jp,ddos1234
user563,user@user.co.jp,ddos1234
user564,user@user.co.jp,ddos1234
user565,user@user.co.jp,ddos1234
user566,user@user.co.jp,ddos1234
user567,user@user.co.jp,ddos1234
user568,user@user.co.jp,ddos1234
user569,user@user.co.jp,ddos1234
user570,user@user.co.jp,ddos1234
user571,user@user.co.jp,ddos1234
user572,user@user.co.jp,ddos1234
user573,user@user.co.jp,ddos1234
user574,user@user.co.jp,ddos1234
user575,user@user.co.jp,ddos1234
user576,user@user.co.jp,ddos1234
user577,user@user.co.jp,ddos1234
user578,user@user.co.jp,ddos1234
user579,user@user.co.jp,ddos1234
user580,user@user.co.jp,ddos1234
user581,user@user.co.jp,ddos1234
user582,user@user.co.jp,ddos1234
user583,user@user.co.jp,ddos1234
user584,user@user.co.jp,ddos1234
user585,user@user.co.jp,ddos1234
user586,user@user.co.jp,ddos1234
user587,user@user.co.jp,ddos1234
user588,user@user.co.jp,ddos1234
user589,user@user.co.jp,ddos1234
user590,user@user.co.jp,ddos1234
user591,user@user.co.jp,ddos1234
user592,user@user.co.jp,ddos1234
user593,user@user.co.jp,ddos1234
user594,user@user.co.jp,ddos1234
user595,user@user.co.jp,ddos1234
user596,user@user.co.jp,ddos1234
user597,user@user.co.jp,ddos1234
user598,user@user.co.jp,ddos1234
user599,user@user.co.jp,ddos1234
user600,user@user.co.jp,ddos1234
user601,user@user.co.jp,ddos1234
user602,user@user.co.jp,ddos1234
user603,user@user.co.jp,ddos1234
user604,user@user.co.jp,ddos1234
user605,user@user.co.jp,ddos1234
user606,user@user.co.jp,ddos1234
user607,user@user.co.jp,ddos1234
user608,user@user.co.jp,ddos1234
user609,user@user.co.jp,ddos1234
user610,user@user.co.jp,ddos1234
user611,user@user.co.jp,ddos1234
user612,user@user.co.jp,ddos1234
user613,user@user.co.jp,ddos1234
user614,user@user.co.jp,ddos1234
user615,user@user.co.jp,ddos1234
user616,user@user.co.jp,ddos1234
user617,user@user.co.jp,ddos1234
user618,user@user.co.jp,ddos1234
user619,user@user.co.jp,ddos1234
user620,user@user.co.jp,ddos1234
user621,user@user.co.jp,ddos1234
user622,user@user.co.jp,ddos1234
user623,user@user.co.jp,ddos1234
user624,user@user.co.jp,ddos1234
user625,user@user.co.jp,ddos1234
user626,user@user.co.jp,ddos1234
user627,user@user.co.jp,ddos1234
user628,user@user.co.jp,ddos1234
user629,user@user.co.jp,ddos1234
user630,user@user.co.jp,ddos1234
user631,user@user.co.jp,ddos1234
user632,user@user.co.jp,ddos1234
user633,user@user.co.jp,ddos1234
user634,user@user.co.jp,ddos1234
user635,user@user.co.jp,ddos1234
user636,user@user.co.jp,ddos1234
user637,user@user.co.jp,ddos1234
user638,user@user.co.jp,ddos1234
user639,user@user.co.jp,ddos1234
user640,user@user.co.jp,ddos1234
user641,user@user.co.jp,ddos1234
user642,user@user.co.jp,ddos1234
user643,user@user.co.jp,ddos1234
user644,user@user.co.jp,ddos1234
user645,user@user.co.jp,ddos1234
user646,user@user.co.jp,ddos1234
user647,user@user.co.jp,ddos1234
user648,user@user.co.jp,ddos1234
user649,user@user.co.jp,ddos1234
user650,user@user.co.jp,ddos1234
user651,user@user.co.jp,ddos1234
user652,user@user.co.jp,ddos1234
user653,user@user.co.jp,ddos1234
user654,user@user.co.jp,ddos1234
user655,user@user.co.jp,ddos1234
user656,user@user.co.jp,ddos1234
user657,user@user.co.jp,ddos1234
user658,user@user.co.jp,ddos1234
user659,user@user.co.jp,ddos1234
user660,user@user.co.jp,ddos1234
user661,user@user.co.jp,ddos1234
user662,user@user.co.jp,ddos1234
user663,user@user.co.jp,ddos1234
user664,user@user.co.jp,ddos1234
user665,user@user.co.jp,ddos1234
user666,user@user.co.jp,ddos1234
user667,user@user.co.jp,ddos1234
user668,user@user.co.jp,ddos1234
user669,user@user.co.jp,ddos1234
user670,user@user.co.jp,ddos1234
user671,user@user.co.jp,ddos1234
user672,user@user.co.jp,ddos1234
user673,user@user.co.jp,ddos1234
user674,user@user.co.jp,ddos1234
user675,user@user.co.jp,ddos1234
user676,user@user.co.jp,ddos1234
user677,user@user.co.jp,ddos1234
user678,user@user.co.jp,ddos1234
user679,user@user.co.jp,ddos1234
user680,user@user.co.jp,ddos1234
user681,user@user.co.jp,ddos1234
user682,user@user.co.jp,ddos1234
user683,user@user.co.jp,ddos1234
user684,user@user.co.jp,ddos1234
user685,user@user.co.jp,ddos1234
user686,user@user.co.jp,ddos1234
user687,user@user.co.jp,ddos1234
user688,user@user.co.jp,ddos1234
user689,user@user.co.jp,ddos1234
user690,user@user.co.jp,ddos1234
user691,user@user.co.jp,ddos1234
user692,user@user.co.jp,ddos1234
user693,user@user.co.jp,ddos1234
user694,user@user.co.jp,ddos1234
user695,user@user.co.jp,ddos1234
user696,user@user.co.jp,ddos1234
user697,user@user.co.jp,ddos1234
user698,user@user.co.jp,ddos1234
user699,user@user.co.jp,ddos1234
user700,user@user.co.jp,ddos1234
user701,user@user.co.jp,ddos1234
user702,user@user.co.jp,ddos1234
user703,user@user.co.jp,ddos1234
user704,user@user.co.jp,ddos1234
user705,user@user.co.jp,ddos1234
user706,user@user.co.jp,ddos1234
user707,user@user.co.jp,ddos1234
user708,user@user.co.jp,ddos1234
user709,user@user.co.jp,ddos1234
user710,user@user.co.jp,ddos1234
user711,user@user.co.jp,ddos1234
user712,user@user.co.jp,ddos1234
user713,user@user.co.jp,ddos1234
user714,user@user.co.jp,ddos1234
user715,user@user.co.jp,ddos1234
user716,user@user.co.jp,ddos1234
user717,user@user.co.jp,ddos1234
user718,user@user.co.jp,ddos1234
user719,user@user.co.jp,ddos1234
user720,user@user.co.jp,ddos1234
user721,user@user.co.jp,ddos1234
user722,user@user.co.jp,ddos1234
user723,user@user.co.jp,ddos1234
user724,user@user.co.jp,ddos1234
user725,user@user.co.jp,ddos1234
user726,user@user.co.jp,ddos1234
user727,user@user.co.jp,ddos1234
user728,user@user.co.jp,ddos1234
user729,user@user.co.jp,ddos1234
user730,user@user.co.jp,ddos1234
user731,user@user.co.jp,ddos1234
user732,user@user.co.jp,ddos1234
user733,user@user.co.jp,ddos1234
user734,user@user.co.jp,ddos1234
user735,user@user.co.jp,ddos1234
user736,user@user.co.jp,ddos1234
user737,user@user.co.jp,ddos1234
user738,user@user.co.jp,ddos1234
user739,user@user.co.jp,ddos1234
user740,user@user.co.jp,ddos1234
user741,user@user.co.jp,ddos1234
user742,user@user.co.jp,ddos1234
user743,user@user.co.jp,ddos1234
user744,user@user.co.jp,ddos1234
user745,user@user.co.jp,ddos1234
user746,user@user.co.jp,ddos1234
user747,user@user.co.jp,ddos1234
user748,user@user.co.jp,ddos1234
user749,user@user.co.jp,ddos1234
user750,user@user.co.jp,ddos1234
user751,user@user.co.jp,ddos1234
user752,user@user.co.jp,ddos1234
user753,user@user.co.jp,ddos1234
user754,user@user.co.jp,ddos1234
user755,user@user.co.jp,ddos1234
user756,user@user.co.jp,ddos1234
user757,user@user.co.jp,ddos1234
user758,user@user.co.jp,ddos1234
user759,user@user.co.jp,ddos1234
user760,user@user.co.jp,ddos1234
user761,user@user.co.jp,ddos1234
user762,user@user.co.jp,ddos1234
user763,user@user.co.jp,ddos1234
user764,user@user.co.jp,ddos1234
user765,user@user.co.jp,ddos1234
user766,user@user.co.jp,ddos1234
user767,user@user.co.jp,ddos1234
user768,user@user.co.jp,ddos1234
user769,user@user.co.jp,ddos1234
user770,user@user.co.jp,ddos1234
user771,user@user.co.jp,ddos1234
user772,user@user.co.jp,ddos1234
user773,user@user.co.jp,ddos1234
user774,user@user.co.jp,ddos1234
user775,user@user.co.jp,ddos1234
user776,user@user.co.jp,ddos1234
user777,user@user.co.jp,ddos1234
user778,user@user.co.jp,ddos1234
user779,user@user.co.jp,ddos1234
user780,user@user.co.jp,ddos1234
user781,user@user.co.jp,ddos1234
user782,user@user.co.jp,ddos1234
user783,user@user.co.jp,ddos1234
user784,user@user.co.jp,ddos1234
user785,user@user.co.jp,ddos1234
user786,user@user.co.jp,ddos1234
user787,user@user.co.jp,ddos1234
user788,user@user.co.jp,ddos1234
user789,user@user.co.jp,ddos1234
user790,user@user.co.jp,ddos1234
user791,user@user.co.jp,ddos1234
user792,user@user.co.jp,ddos1234
user793,user@user.co.jp,ddos1234
user794,user@user.co.jp,ddos1234
user795,user@user.co.jp,ddos1234
user796,user@user.co.jp,ddos1234
user797,user@user.co.jp,ddos1234
user798,user@user.co.jp,ddos1234
user799,user@user.co.jp,ddos1234
user800,user@user.co.jp,ddos1234
user801,user@user.co.jp,ddos1234
user802,user@user.co.jp,ddos1234
user803,user@user.co.jp,ddos1234
user804,user@user.co.jp,ddos1234
user805,user@user.co.jp,ddos1234
user806,user@user.co.jp,ddos1234
user807,user@user.co.jp,ddos1234
user808,user@user.co.jp,ddos1234
user809,user@user.co.jp,ddos1234
user810,user@user.co.jp,ddos1234
user811,user@user.co.jp,ddos1234
user812,user@user.co.jp,ddos1234
user813,user@user.co.jp,ddos1234
user814,user@user.co.jp,ddos1234
user815,user@user.co.jp,ddos1234
user816,user@user.co.jp,ddos1234
user817,user@user.co.jp,ddos1234
user818,user@user.co.jp,ddos1234
user819,user@user.co.jp,ddos1234
user820,user@user.co.jp,ddos1234
user821,user@user.co.jp,ddos1234
user822,user@user.co.jp,ddos1234
user823,user@user.co.jp,ddos1234
user824,user@user.co.jp,ddos1234
user825,user@user.co.jp,ddos1234
user826,user@user.co.jp,ddos1234
user827,user@user.co.jp,ddos1234
user828,user@user.co.jp,ddos1234
user829,user@user.co.jp,ddos1234
user830,user@user.co.jp,ddos1234
user831,user@user.co.jp,ddos1234
user832,user@user.co.jp,ddos1234
user833,user@user.co.jp,ddos1234
user834,user@user.co.jp,ddos1234
user835,user@user.co.jp,ddos1234
user836,user@user.co.jp,ddos1234
user837,user@user.co.jp,ddos1234
user838,user@user.co.jp,ddos1234
user839,user@user.co.jp,ddos1234
user840,user@user.co.jp,ddos1234
user841,user@user.co.jp,ddos1234
user842,user@user.co.jp,ddos1234
user843,user@user.co.jp,ddos1234
user844,user@user.co.jp,ddos1234
user845,user@user.co.jp,ddos1234
user846,user@user.co.jp,ddos1234
user847,user@user.co.jp,ddos1234
user848,user@user.co.jp,ddos1234
user849,user@user.co.jp,ddos1234
user850,user@user.co.jp,ddos1234
user851,user@user.co.jp,ddos1234
user852,user@user.co.jp,ddos1234
user853,user@user.co.jp,ddos1234
user854,user@user.co.jp,ddos1234
user855,user@user.co.jp,ddos1234
user856,user@user.co.jp,ddos1234
user857,user@user.co.jp,ddos1234
user858,user@user.co.jp,ddos1234
user859,user@user.co.jp,ddos1234
user860,user@user.co.jp,ddos1234
user861,user@user.co.jp,ddos1234
user862,user@user.co.jp,ddos1234
user863,user@user.co.jp,ddos1234
user864,user@user.co.jp,ddos1234
user865,user@user.co.jp,ddos1234
user866,user@user.co.jp,ddos1234
user867,user@user.co.jp,ddos1234
user868,user@user.co.jp,ddos1234
user869,user@user.co.jp,ddos1234
user870,user@user.co.jp,ddos1234
user871,user@user.co.jp,ddos1234
user872,user@user.co.jp,ddos1234
user873,user@user.co.jp,ddos1234
user874,user@user.co.jp,ddos1234
user875,user@user.co.jp,ddos1234
user876,user@user.co.jp,ddos1234
user877,user@user.co.jp,ddos1234
user878,user@user.co.jp,ddos1234
user879,user@user.co.jp,ddos1234
user880,user@user.co.jp,ddos1234
user881,user@user.co.jp,ddos1234
user882,user@user.co.jp,ddos1234
user883,user@user.co.jp,ddos1234
user884,user@user.co.jp,ddos1234
user885,user@user.co.jp,ddos1234
user886,user@user.co.jp,ddos1234
user887,user@user.co.jp,ddos1234
user888,user@user.co.jp,ddos1234
user889,user@user.co.jp,ddos1234
user890,user@user.co.jp,ddos1234
user891,user@user.co.jp,ddos1234
user892,user@user.co.jp,ddos1234
user893,user@user.co.jp,ddos1234
user894,user@user.co.jp,ddos1234
user895,user@user.co.jp,ddos1234
user896,user@user.co.jp,ddos1234
user897,user@user.co.jp,ddos1234
user898,user@user.co.jp,ddos1234
user899,user@user.co.jp,ddos1234
user900,user@user.co.jp,ddos1234
user901,user@user.co.jp,ddos1234
user902,user@user.co.jp,ddos1234
user903,user@user.co.jp,ddos1234
user904,user@user.co.jp,ddos1234
user905,user@user.co.jp,ddos1234
user906,user@user.co.jp,ddos1234
user907,user@user.co.jp,ddos1234
user908,user@user.co.jp,ddos1234
user909,user@user.co.jp,ddos1234
user910,user@user.co.jp,ddos1234
user911,user@user.co.jp,ddos1234
user912,user@user.co.jp,ddos1234
user913,user@user.co.jp,ddos1234
user914,user@user.co.jp,ddos1234
user915,user@user.co.jp,ddos1234
user916,user@user.co.jp,ddos1234
user917,user@user.co.jp,ddos1234
user918,user@user.co.jp,ddos1234
user919,user@user.co.jp,ddos1234
user920,user@user.co.jp,ddos1234
user921,user@user.co.jp,ddos1234
user922,user@user.co.jp,ddos1234
user923,user@user.co.jp,ddos1234
user924,user@user.co.jp,ddos1234
user925,user@user.co.jp,ddos1234
user926,user@user.co.jp,ddos1234
user927,user@user.co.jp,ddos1234
user928,user@user.co.jp,ddos1234
user929,user@user.co.jp,ddos1234
user930,user@user.co.jp,ddos1234
user931,user@user.co.jp,ddos1234
user932,user@user.co.jp,ddos1234
user933,user@user.co.jp,ddos1234
user934,user@user.co.jp,ddos1234
user935,user@user.co.jp,ddos1234
user936,user@user.co.jp,ddos1234
user937,user@user.co.jp,ddos1234
user938,user@user.co.jp,ddos1234
user939,user@user.co.jp,ddos1234
user940,user@user.co.jp,ddos1234
user941,user@user.co.jp,ddos1234
user942,user@user.co.jp,ddos1234
user943,user@user.co.jp,ddos1234
user944,user@user.co.jp,ddos1234
user945,user@user.co.jp,ddos1234
user946,user@user.co.jp,ddos1234
user947,user@user.co.jp,ddos1234
user948,user@user.co.jp,ddos1234
user949,user@user.co.jp,ddos1234
user950,user@user.co.jp,ddos1234
user951,user@user.co.jp,ddos1234
user952,user@user.co.jp,ddos1234
user953,user@user.co.jp,ddos1234
user954,user@user.co.jp,ddos1234
user955,user@user.co.jp,ddos1234
user956,user@user.co.jp,ddos1234
user957,user@user.co.jp,ddos1234
user958,user@user.co.jp,ddos1234
user959,user@user.co.jp,ddos1234
user960,user@user.co.jp,ddos1234
user961,user@user.co.jp,ddos1234
user962,user@user.co.jp,ddos1234
user963,user@user.co.jp,ddos1234
user964,user@user.co.jp,ddos1234
user965,user@user.co.jp,ddos1234
user966,user@user.co.jp,ddos1234
user967,user@user.co.jp,ddos1234
user968,user@user.co.jp,ddos1234
user969,user@user.co.jp,ddos1234
user970,user@user.co.jp,ddos1234
user971,user@user.co.jp,ddos1234
user972,user@user.co.jp,ddos1234
user973,user@user.co.jp,ddos1234
user974,user@user.co.jp,ddos1234
user975,user@user.co.jp,ddos1234
user976,user@user.co.jp,ddos1234
user977,user@user.co.jp,ddos1234
user978,user@user.co.jp,ddos1234
user979,user@user.co.jp,ddos1234
user980,user@user.co.jp,ddos1234
user981,user@user.co.jp,ddos1234
user982,user@user.co.jp,ddos1234
user983,user@user.co.jp,ddos1234
user984,user@user.co.jp,ddos1234
user985,user@user.co.jp,ddos1234
user986,user@user.co.jp,ddos1234
user987,user@user.co.jp,ddos1234
user988,user@user.co.jp,ddos1234
user989,user@user.co.jp,ddos1234
user990,user@user.co.jp,ddos1234
user991,user@user.co.jp,ddos1234
user992,user@user.co.jp,ddos1234
user993,user@user.co.jp,ddos1234
user994,user@user.co.jp,ddos1234
user995,user@user.co.jp,ddos1234
user996,user@user.co.jp,ddos1234
user997,user@user.co.jp,ddos1234
user998,user@user.co.jp,ddos1234
user999,user@user.co.jp,ddos1234
user1000,user@user.co.jp,ddos1234
